[
	{
		"Room_Num": "1",
		"Room_Desc": "Master Bed",
		"Relay_1": "18",
                "Relay_2": "27"
	},
	{
                "Room_Num": "2",
                "Room_Desc": "Master Wash",
                "Relay_1": "1",
                "Relay_2": "2"
        },
	{
                "Room_Num": "3",
                "Room_Desc": "Kitchen",
                "Relay_ 1": "1",
                "Relay_2": "2"
        },
	{
                "Room_Num": "4",
                "Room_Desc": "Laundry",
                "Relay_1": "1",
                "Relay_2": "2"
        },
	{
                "Room_Num": "5",
                "Room_Desc": "Garage Dan",
                "Relay 1": "1",
                "Relay_2": "2"
        },
	{
                "Room_Num": "6",
                "Room_Desc": "Garage Kelly",
                "Relay_1": "1",
                "Relay_2": "2"
        }
]
